{"train/loss":-410.87264251708984,"val/improvement_pct":49.80444832812188,"val/best_improvement_pct":50.713139047675405,"epoch_time":26.043739795684814,"_wandb":{"runtime":8309},"val/tardiness":1896.919921875,"train/best_tardiness":-5835.08349609375,"_timestamp":1.771434103219368e+09,"_step":317,"train/tardiness":-4841.90478515625,"_runtime":8309.7797004,"val/best_tardiness":1862.5799560546875}