{"_wandb":{"runtime":297},"val/best_tardiness":1430.3482666015625,"train/loss":3.650720328092575,"_runtime":297.4695899,"val/tardiness":1439.81494140625,"train/tardiness":1978.5982666015625,"train/best_tardiness":1965.563720703125,"_step":89,"val/improvement_pct":40.106497522904824,"_timestamp":1.7720097642664084e+09,"epoch_time":2.667360782623291,"val/best_improvement_pct":40.50029279100409}