{"epoch_time":2.686854839324951,"_step":1000,"val/best_improvement_pct":67.66486419177326,"train/tardiness":5686.69140625,"val/improvement_pct":67.26263551885664,"val/tardiness":1894.760009765625,"train/loss":2.616166453125e+06,"train/best_tardiness":5359.6015625,"_timestamp":1.7714462761474822e+09,"_wandb":{"runtime":2949},"val/best_tardiness":1871.47998046875,"_runtime":2949.5576206}