{"_wandb":{"runtime":14},"val/best_tardiness":8545.732421875,"_timestamp":1.7720321569120512e+09,"train/tardiness":9117.931640625,"val/tardiness":8545.732421875,"val/improvement_pct":0,"epoch_time":5.5100696086883545,"_runtime":14.2983645,"_step":1,"val/best_improvement_pct":0,"train/loss":583.8087310791016,"train/best_tardiness":9117.931640625}