{"_timestamp":1.7707104693536246e+09,"_runtime":11.930223699999999,"_step":0,"val/tardiness":77.31999969482422,"_wandb":{"runtime":11},"val/best_tardiness":77.31999969482422,"val/improvement_pct":0,"val/best_improvement_pct":0}