{"val/best_tardiness":70.63999938964844,"val/improvement_pct":6.712300445101549,"_timestamp":1.7707104326485724e+09,"_step":25,"val/tardiness":70.87999725341797,"train/tardiness":-73.25,"_wandb":{"runtime":603},"_runtime":603.630384,"train/best_tardiness":-82.04166603088379,"train/loss":-2.1568996608257294,"val/best_improvement_pct":7.02817021762852,"epoch_time":21.507981061935425}