{"_step":830,"epoch_time":43.274869203567505,"val/tardiness":2347.276123046875,"val/improvement_pct":75.58257286567132,"val/best_tardiness":2315.490234375,"val/best_improvement_pct":75.91322404595851,"_timestamp":1.7720703846407459e+09,"train/tardiness":-3026.826629638672,"_wandb":{"runtime":37369},"train/loss":-2.2172058895230293,"train/best_tardiness":-9085.953247070312,"_runtime":37369.8071311}