{"val/improvement_pct":34.956173017551734,"_wandb":{"runtime":437},"epoch_time":8.374224424362183,"_step":35,"train/loss":6.7523365e+06,"val/tardiness":3716.239990234375,"val/best_tardiness":3716.239990234375,"train/tardiness":5620.7001953125,"train/best_tardiness":4904.83349609375,"_timestamp":1.7714222953018932e+09,"val/best_improvement_pct":34.956173017551734,"_runtime":437.8679361}