{"_timestamp":1.7718310552810972e+09,"_step":1000,"val/best_improvement_pct":77.91499929171512,"epoch_time":2.4055094718933105,"train/tardiness":-3807.3203125,"_wandb":{"runtime":2529},"val/best_tardiness":1967.0799560546875,"train/loss":-486.1690673828125,"train/best_tardiness":-6546.296875,"val/tardiness":1985.739990234375,"val/improvement_pct":77.70549745280586,"_runtime":2529.1871012}