{"_wandb":{"runtime":9},"val/best_improvement_pct":0,"val/best_tardiness":3823.179931640625,"_runtime":9.0687766,"val/tardiness":3823.179931640625,"train/loss":4.664840375e+06,"train/tardiness":4659,"train/best_tardiness":4419.66650390625,"_timestamp":1.7714848359300067e+09,"epoch_time":1.1844425201416016,"_step":4,"val/improvement_pct":0}