{"train/tardiness":3691.231689453125,"epoch_time":1.8106205463409424,"_runtime":72.7375904,"val/improvement_pct":-16.494505849962255,"val/tardiness":3640.136474609375,"train/loss":2.7914950625e+06,"_step":30,"_timestamp":1.7714192057766843e+09,"val/best_improvement_pct":6.8126397875565115,"_wandb":{"runtime":72},"val/best_tardiness":2911.8515625,"train/best_tardiness":3639.953125}