{"_step":10,"epoch_time":13.313077449798584,"val/improvement_pct":32.55899744212017,"train/best_tardiness":-5142.546875,"train/loss":-0.5347301959991455,"_runtime":219.5298489,"val/tardiness":1719.260009765625,"val/best_tardiness":1719.260009765625,"val/best_improvement_pct":32.55899744212017,"train/tardiness":-4697.84375,"_wandb":{"runtime":219},"_timestamp":1.7718982741411333e+09}