{"val/best_tardiness":1427.0765380859375,"epoch_time":2.655272960662842,"_runtime":223.1837874,"val/improvement_pct":40.38931981436796,"_wandb":{"runtime":223},"train/loss":597414.140625,"val/best_improvement_pct":40.67381182554242,"train/tardiness":2127.4921875,"_timestamp":1.7720085238621445e+09,"train/best_tardiness":2038.7109375,"_step":66,"val/tardiness":1433.919921875}