{"train/tardiness":3208.833251953125,"_runtime":6.7221025,"_timestamp":1.771417814725098e+09,"val/tardiness":3306.034912109375,"_step":3,"_wandb":{"runtime":6},"val/best_tardiness":3306.034912109375,"val/best_improvement_pct":0,"epoch_time":0.9721808433532715,"train/loss":2.1385545625e+06,"val/improvement_pct":0,"train/best_tardiness":2893}