{"_runtime":37.4762683,"val/improvement_pct":0,"val/best_improvement_pct":0,"_timestamp":1.7720319117075725e+09,"_step":0,"val/tardiness":3916.383544921875,"val/best_tardiness":3916.383544921875,"_wandb":{"runtime":37}}