{"_runtime":293.9756198,"_timestamp":1.7707124917436962e+09,"_step":0,"val/tardiness":78.19999694824219,"val/best_tardiness":78.19999694824219,"val/improvement_pct":0,"val/best_improvement_pct":0,"_wandb":{"runtime":293}}