{"val/improvement_pct":0,"_wandb":{"runtime":12},"train/loss":0.3988691568374634,"_runtime":12.7319996,"_timestamp":1.7719050645669851e+09,"train/best_tardiness":-5052.3515625,"train/tardiness":-5052.3515625,"_step":2,"val/best_tardiness":2196.83984375,"epoch_time":3.7623095512390137,"val/tardiness":2196.83984375,"val/best_improvement_pct":0}