{"train/tardiness":-78.578125,"_wandb":{"runtime":177},"_runtime":177.0080283,"train/loss":-4.076473712921143,"val/best_improvement_pct":0,"_timestamp":1.7708045224351408e+09,"_step":1,"val/best_tardiness":66.28,"val/tardiness":66.28,"train/best_tardiness":-78.578125,"epoch_time":154.788756608963,"val/improvement_pct":0}