{"val/best_tardiness":2559.280029296875,"_step":587,"train/best_tardiness":-3700.947265625,"train/tardiness":-2874.8203125,"_wandb":{"runtime":14950},"epoch_time":25.150221347808838,"_timestamp":1.7714112124751787e+09,"val/tardiness":2607.260009765625,"val/improvement_pct":15.825868852345309,"val/best_improvement_pct":17.37487936656768,"train/loss":-170.20700073242188,"_runtime":14950.4186602}