{"train/loss":2.79434875e+06,"train/tardiness":3727.21484375,"val/tardiness":2331.030029296875,"_timestamp":1.7714173145052776e+09,"_runtime":226.542525,"val/best_improvement_pct":18.742940592647212,"val/best_tardiness":2009.7999267578125,"val/improvement_pct":5.755471950654354,"_wandb":{"runtime":226},"train/best_tardiness":3383.71484375,"_step":110,"epoch_time":1.5157196521759033}