{"_step":0,"val/tardiness":3225.1201171875,"val/best_tardiness":3225.1201171875,"val/improvement_pct":0,"val/best_improvement_pct":0,"_timestamp":1.7714134796314566e+09,"_wandb":{"runtime":6},"_runtime":6.7156497}