{"val/best_improvement_pct":66.20975874045622,"train/loss":-0.2762087881565094,"val/best_tardiness":1310.8416748046875,"train/tardiness":-1668.46875,"_wandb":{"runtime":1799},"_runtime":1799.7117771,"val/tardiness":1331.280029296875,"val/improvement_pct":65.68290874589681,"train/best_tardiness":-4005.546875,"_step":549,"_timestamp":1.7720077079792562e+09,"epoch_time":2.621563196182251}