{"train/tardiness":-4907.115234375,"_runtime":3204.1464352,"val/best_improvement_pct":72.38419024722954,"train/loss":-111.01017761230469,"train/best_tardiness":-5645.87109375,"val/tardiness":1955.260009765625,"epoch_time":20.82128930091858,"_step":147,"val/improvement_pct":72.38419024722954,"val/best_tardiness":1955.260009765625,"_timestamp":1.7714257437766938e+09,"_wandb":{"runtime":3204}}