{"_runtime":9.6411684,"_step":0,"val/tardiness":5421.18017578125,"_wandb":{"runtime":9},"val/best_tardiness":5421.18017578125,"val/improvement_pct":0,"val/best_improvement_pct":0,"_timestamp":1.7718312692337112e+09}