{"val/best_tardiness":1636.3399658203125,"_timestamp":1.7719176321691966e+09,"epoch_time":13.626428604125977,"val/best_improvement_pct":85.43232771391789,"train/best_tardiness":-5338.03466796875,"val/improvement_pct":85.22863629282027,"_step":63,"val/tardiness":1659.219970703125,"_wandb":{"runtime":890},"train/loss":-1.9355137944221497,"train/tardiness":-4090.5586547851562,"_runtime":890.7870487}