{"val/tardiness":2812.646728515625,"train/tardiness":4294.76953125,"train/best_tardiness":3815.80517578125,"_step":178,"_runtime":1335.4657711,"val/improvement_pct":11.631692437877712,"_wandb":{"runtime":1335},"val/best_tardiness":2764.091796875,"train/loss":5.601874113082886,"_timestamp":1.7721761160566165e+09,"epoch_time":6.647095680236816,"val/best_improvement_pct":13.157201165787171}