{"val/tardiness":1500.679931640625,"val/improvement_pct":67.18103705570448,"_step":846,"train/best_tardiness":-5098.5263671875,"_wandb":{"runtime":11391},"val/best_improvement_pct":67.26982541324135,"val/best_tardiness":1496.6199951171875,"train/loss":-0.2867472693324089,"train/tardiness":-1898.4921875,"epoch_time":12.79201865196228,"_timestamp":1.7719166753095007e+09,"_runtime":11391.5594696}