{"val/best_tardiness":78.5199966430664,"_wandb":{"runtime":8},"_runtime":8.0282007,"val/improvement_pct":0,"val/best_improvement_pct":0,"_timestamp":1.7707128984960883e+09,"_step":0,"val/tardiness":78.5199966430664}