{"_step":699,"val/best_improvement_pct":46.728790140024245,"val/best_tardiness":1278.5050048828125,"_runtime":2820.8409357,"_timestamp":1.7720126294592285e+09,"train/best_tardiness":-3776.102783203125,"val/improvement_pct":45.50594184206106,"train/tardiness":-1641.178466796875,"_wandb":{"runtime":2820},"epoch_time":3.300732135772705,"train/loss":-0.788114607334137,"val/tardiness":1307.853271484375}