{"_timestamp":1.7714202186879985e+09,"train/loss":6.88389925e+06,"train/tardiness":5784.66650390625,"val/tardiness":5218.97998046875,"val/improvement_pct":48.35965547822514,"_wandb":{"runtime":44},"_runtime":44.9199321,"_step":17,"val/best_improvement_pct":48.35965547822514,"train/best_tardiness":4282.33349609375,"epoch_time":1.9744470119476318,"val/best_tardiness":5218.97998046875}