{"val/best_tardiness":12493.263671875,"val/improvement_pct":0,"val/best_improvement_pct":0,"_timestamp":1.7720322091593728e+09,"_step":0,"_wandb":{"runtime":24},"_runtime":24.7669639,"val/tardiness":12493.263671875}