{"val/improvement_pct":10.424113643283501,"_step":12,"val/tardiness":70.12000274658203,"_wandb":{"runtime":228},"_runtime":228.364605,"val/best_tardiness":70.12000274658203,"train/loss":-0.032466769218444824,"train/tardiness":-65.8333330154419,"val/best_improvement_pct":10.424113643283501,"train/best_tardiness":-75.70833206176758,"epoch_time":18.909292221069336,"_timestamp":1.7707098174146326e+09}