{"_wandb":{"runtime":2491},"val/improvement_pct":9.254344410289956,"_timestamp":1.7714223619022765e+09,"val/tardiness":2950.544921875,"_step":860,"train/best_tardiness":3601.75146484375,"val/best_improvement_pct":10.385429614448745,"epoch_time":2.4858317375183105,"_runtime":2491.8000376,"val/best_tardiness":2913.768310546875,"train/loss":2.75353921875e+06,"train/tardiness":3811.95751953125}