{"val/best_improvement_pct":69.62165729169467,"_timestamp":1.7718972931055627e+09,"val/tardiness":1639.06005859375,"train/tardiness":-3132.5859375,"train/loss":-1.9890518188476562,"train/best_tardiness":-5419.1328125,"_step":120,"val/improvement_pct":69.30668182316094,"val/best_tardiness":1622.239990234375,"epoch_time":12.23733925819397,"_wandb":{"runtime":1400},"_runtime":1400.180198}